{
    "global_summary": {
        "Lectura": {
            "count": 9880.0,
            "mean": 53.36720647773279,
            "std": 6.599559311458194,
            "min": 23.0,
            "25%": 49.0,
            "50%": 53.0,
            "75%": 58.0,
            "max": 77.0
        },
        "Matematicas": {
            "count": 9880.0,
            "mean": 51.71437246963563,
            "std": 8.305094125351356,
            "min": 25.0,
            "25%": 46.0,
            "50%": 51.0,
            "75%": 57.0,
            "max": 84.0
        },
        "Sociales": {
            "count": 9880.0,
            "mean": 47.1831983805668,
            "std": 7.702763473663526,
            "min": 28.0,
            "25%": 42.0,
            "50%": 47.0,
            "75%": 52.0,
            "max": 75.0
        },
        "Ciencias": {
            "count": 9880.0,
            "mean": 50.16528340080972,
            "std": 6.899852578458598,
            "min": 32.0,
            "25%": 45.0,
            "50%": 50.0,
            "75%": 54.0,
            "max": 78.0
        },
        "Ingles": {
            "count": 9880.0,
            "mean": 51.51943319838057,
            "std": 9.128145244983486,
            "min": 0.0,
            "25%": 45.0,
            "50%": 50.0,
            "75%": 56.0,
            "max": 86.0
        },
        "Promedio": {
            "count": 9880.0,
            "mean": 50.677660931174096,
            "std": 7.332476328790323,
            "min": 31.077,
            "25%": 45.538,
            "50%": 50.231,
            "75%": 55.077,
            "max": 77.538
        },
        "Global": {
            "count": 9880.0,
            "mean": 253.50516194331985,
            "std": 36.641929655540196,
            "min": 154.0,
            "25%": 228.0,
            "50%": 251.0,
            "75%": 275.25,
            "max": 388.0
        }
    },
    "percentiles": {
        "Lectura": {
            "0.1": 45.0,
            "0.25": 49.0,
            "0.5": 53.0,
            "0.75": 58.0,
            "0.9": 62.0,
            "0.95": 65.0,
            "0.99": 69.0
        },
        "Matematicas": {
            "0.1": 41.0,
            "0.25": 46.0,
            "0.5": 51.0,
            "0.75": 57.0,
            "0.9": 62.0,
            "0.95": 66.0,
            "0.99": 73.0
        },
        "Sociales": {
            "0.1": 38.0,
            "0.25": 42.0,
            "0.5": 47.0,
            "0.75": 52.0,
            "0.9": 58.0,
            "0.95": 61.0,
            "0.99": 67.0
        },
        "Ciencias": {
            "0.1": 42.0,
            "0.25": 45.0,
            "0.5": 50.0,
            "0.75": 54.0,
            "0.9": 59.0,
            "0.95": 63.0,
            "0.99": 68.0
        },
        "Ingles": {
            "0.1": 41.0,
            "0.25": 45.0,
            "0.5": 50.0,
            "0.75": 56.0,
            "0.9": 64.0,
            "0.95": 69.0,
            "0.99": 78.0
        },
        "Promedio": {
            "0.1": 41.615,
            "0.25": 45.538,
            "0.5": 50.231,
            "0.75": 55.077,
            "0.9": 60.46960000000003,
            "0.95": 64.077,
            "0.99": 69.615
        },
        "Global": {
            "0.1": 208.0,
            "0.25": 228.0,
            "0.5": 251.0,
            "0.75": 275.25,
            "0.9": 303.0,
            "0.95": 320.0,
            "0.99": 348.0
        }
    },
    "maxima": {
        "Lectura": 77.0,
        "Matematicas": 84.0,
        "Sociales": 75.0,
        "Ciencias": 78.0,
        "Ingles": 86.0,
        "Promedio": 77.538,
        "Global": 388.0
    },
    "correlations": {
        "Lectura": {
            "Lectura": 1.0,
            "Matematicas": 0.9398406289894483,
            "Sociales": 0.9662223048643506,
            "Ciencias": 0.9501041309261962,
            "Ingles": 0.919928814791681,
            "Promedio": 0.9820043735974384,
            "Global": 0.9805440035702755
        },
        "Matematicas": {
            "Lectura": 0.9398406289894483,
            "Matematicas": 1.0,
            "Sociales": 0.9351370853793728,
            "Ciencias": 0.9619239746634143,
            "Ingles": 0.8730195863692037,
            "Promedio": 0.9757725115108069,
            "Global": 0.97482304379592
        },
        "Sociales": {
            "Lectura": 0.9662223048643506,
            "Matematicas": 0.9351370853793728,
            "Sociales": 1.0,
            "Ciencias": 0.9538336157956956,
            "Ingles": 0.9191305484089533,
            "Promedio": 0.9826812379156098,
            "Global": 0.9815589536259405
        },
        "Ciencias": {
            "Lectura": 0.9501041309261962,
            "Matematicas": 0.9619239746634143,
            "Sociales": 0.9538336157956956,
            "Ciencias": 1.0,
            "Ingles": 0.8965492068084256,
            "Promedio": 0.9830059813122588,
            "Global": 0.9817278597835629
        },
        "Ingles": {
            "Lectura": 0.919928814791681,
            "Matematicas": 0.8730195863692037,
            "Sociales": 0.9191305484089533,
            "Ciencias": 0.8965492068084256,
            "Ingles": 1.0,
            "Promedio": 0.9325296178143365,
            "Global": 0.9309691070331543
        },
        "Promedio": {
            "Lectura": 0.9820043735974384,
            "Matematicas": 0.9757725115108069,
            "Sociales": 0.9826812379156098,
            "Ciencias": 0.9830059813122588,
            "Ingles": 0.9325296178143365,
            "Promedio": 1.0,
            "Global": 0.9987494866937471
        },
        "Global": {
            "Lectura": 0.9805440035702755,
            "Matematicas": 0.97482304379592,
            "Sociales": 0.9815589536259405,
            "Ciencias": 0.9817278597835629,
            "Ingles": 0.9309691070331543,
            "Promedio": 0.9987494866937471,
            "Global": 1.0
        }
    }
}